stage,name,description,status,threat_count,blocked_percentage
1,Reconnaissance,Attacker gathers information about target,blocked,12,95
2,Weaponization,Attacker creates malicious payload,blocked,8,92
3,Delivery,Payload sent to target via email/web,active,15,78
4,Exploitation,Vulnerability exploited to gain access,blocked,6,88
5,Installation,Malware installed on target system,blocked,4,94
6,Command & Control,Attacker establishes remote control,active,3,65
7,Actions on Objectives,Attacker achieves their goal,blocked,1,99
